Prioridade,Fonte / Alvo,Categoria,Título da Matéria,Link Web,Data Publicação,Responsável,tipo_movimento
5,CONAB,Mercado Agrícola,"Com potencial para produzir mesmo em situações climáticas severas, sorgo avança no Brasil | SEGS Portal... - SEGS Portal Nacional",https://news.google.com/rss/articles/CBMiyAFBVV95cUxPQ1FxeXhzSk9LSGRHM3RCTmwyYUplcjY1VTNPczk4cDNUaFZadzVCYzBKM05jNmNGT2VtLUI3TVNndFFUQnV5QmFtQ1daMkJUWDFCMFMzb0ZsaV9jalJYRm5uQ0hMRk13MW1fTzlJalNsSlJsSFBpNFVHUU10cDRpSUhfYnVpY3FwSVk3Y1dqZlplWXByY1FhZkUwNmlhQ1BiNjhHR0VLX3NtX3hCNVBoTkZUZ2RNQzI1ekdXSlE4V0VSemhyeFNMQ9IBzgFBVV95cUxPVVhQaXlTNEwzdHdwM21OUzAzVWs4djB4NGtNN2RSZnVhMmRleFdqSUs1LS05MzBWODRKV3RZRkZDUnQ4RldscW5xODMxVWk1eno2WWowZVY5TkxaSlltZTRsSklfbWJ3NEZPUTlBR3M1cnN0SHNIZlU4ZVF4MTYzUnYzLVZYYU8xaWJ3U2FLMnZmZTNEbThmb3FuMTVxX1FtYkpVMUkyUm9iRlIxdHRxaVdfaV85czBaOGdsZnJzTG42UFJtOWJPa2hLNmVyQQ?oc=5,30/06/2026 21:50,Comercial,Movimentação Comercial
5,CONAB,Mercado Agrícola,Sorgo avança com resistência ao clima severo - Agrolink,https://news.google.com/rss/articles/CBMimAFBVV95cUxONU8wejdxVGhWbENLcnJZclVkME90WU9tVDljNmh6SjAwNFB6QUtZUDhpcjZBa3pBel9KRXBQTUhGd2MzMVJ1a01RRGpQVDJabnlsT0tnbDFpQWdjWi03TmFFRGhSNUY0YnE5Sk43UzR4eHpabnRxTkFNUzJtZkhjaFZmTU9hRVZQTTZtUmp3WThLMFNpRVRpTw?oc=5,30/06/2026 07:00,Comercial,Movimentação Comercial
5,EMBRAPA,Pesquisa/Tecnologia,Sorgo pode substituir milho na silagem? - Agrolink,https://news.google.com/rss/articles/CBMikgFBVV95cUxPU0EzS2JZQ0NES1V0NjJBNGZ6bmsxWW5yVzBvcWNxWktLSHZrN1hsaTRld2hIdHBnUml5OHZZcUlraFlPSnlSX2M3TTFPOHR0M2NoZlByOEFxQ3gtVjcyY0RmazEzQm9pcXpIUW9LTDlXRGVOLTlLTThrbXZFRjRxcWJ6OTZLQzRDUzNPampnbDRQdw?oc=5,27/05/2026 07:00,P&D/Comercial,Movimentação Comercial
5,CONAB,Mercado Agrícola,"Milho safrinha no Cerrado avança em 2026 com desafios climáticos, pressão de pragas e risco de plantio fora da janela ideal - Portal do Agronegócio",https://news.google.com/rss/articles/CBMiogJBVV95cUxPa3N0eDNjOUgwSlY1TkRzNkY0X0tYWUJJNU1IcTVtMklSeldXTzFFZ0FieXpObFVQb096b0RjUndWY3JoNEk1ZlYwZHJ6TkFlLXVmbWFQVWRWbVVtVWM4TjVYeENXU2ZrOUFETnk3aFBsaUpham9wUVE3UVI3cVlGa2R0d2ppQm9GdjY0aGp0dDFrd1NEV2R3SGJwVS1JMUtJaTJaTEdBY3FiWm5aZUFHb2dHZG9Gb3d6b2JEd0pYMVJUdDJGWTdQa0NnYWRzVjZSSXotUnB5a3MwTHowRDZocG1vX3NyOHdLNnN3b3pUUTJMTjYtUEtEb2dJQUR3Qm5MV01UaVVfc1FZT1p6UkNDSDNvcGp5Q1J5eEJIMFJsNzVtUQ?oc=5,26/05/2026 07:00,Comercial,Movimentação Comercial
5,Empresas de Sementes,Empresas de Sementes,Advanta coloca no mercado sorgo tolerante a imidazolinona - Revista Cultivar,https://news.google.com/rss/articles/CBMingFBVV95cUxNWmJPZWF6bGJkU1hCbERLVmtRdmk1U01KX1VkWmF4SFVXb1hEQmVsM2M4Z3V2YlFPYjMxLTA5eEpqRlhrNjNxTTlDZzI2V1JPa2djUmhNaDMtYmZFXzNHZEFEYVRRSjFkSnNKOWw2NDdSR2ZMY3NQa0RBS2RGbTZNVjlpaHhVVmg4cFpsWUk0MjZ5ZWpFUVBfbnlnOC1IQQ?oc=5,25/08/2022 07:00,Comercial / P&D,Movimentação Comercial
5,CONAB,Mercado Agrícola,Por que o sorgo virou a nova aposta dos produtores - Agrolink,https://news.google.com/rss/articles/CBMioAFBVV95cUxOYjhMSlZ4TDZCWUJFWTFEVGJGTS15S0JtcU9kcVp0ZFlfM0VBbV9xRDZVV25nLWZUWHppOFlXamZCOEkxanAyLVlibl9TM2R0aXpzRUhQcFN0alp1SzM2eTd5Z3V0N0JVQW9xeTJYcWpzOVdHdTJzek4wd0JmY0IyeXNHTU5pWVJwZVNmSW12amRSTlVvTzhiZ3FwTElIa1Jf?oc=5,24/06/2026 07:00,Comercial,Movimentação Comercial
5,MAPA,Regulatório,Saiba como novo mapa orienta o plantio de sorgo no Acre - ContilNet,https://news.google.com/rss/articles/CBMioAFBVV95cUxPbDZlTUdpQ2dfYUJNMHdZa0laTG5vaEYtYUJZb2dRU2JTd212SExKQkJvWlczaEVZZERBd1ZxcFA3Z1hoenZaQXlNVk5tb1A3OFp2dEpHVWdfaWh2NGZlSkJTRHB1Y2JfUTVUa1RJQm9EZjh2SGpBTVZza2VqOGRXaEZ6dXlrdFhNSXpXTVB3NnhBT05tS3F6NmNZc0JrTUI00gGmAUFVX3lxTFBlcnJXYy1GYmZBcHpUMHR2LXdKTUpPa2xHbk4tejFVVS1NejZuUkVyUlFaNlhsWlpaM3RjM3FjbU5kRGM5akRzUFM2S3RvZzJZLXNMUWNHUWZ5bi1aWkFYYWUzcmF0T2F3eFdFaWx2Q1pmM0Mta0tMNllCNjBtekthQU5VT1RnQlg1eC05MUViaEFQR0hJdGpQSWVrcEx3aGl0ZFJqenc?oc=5,23/07/2026 23:33,Comercial,Movimentação Comercial
5,MAPA,Regulatório,Mapa define calendário de plantio do sorgo forrageiro em Mato Grosso do Sul - capitalnews.com.br,https://news.google.com/rss/articles/CBMiuwFBVV95cUxNeTlKTlJNcU00VlhMRFRkMmJYMHZQZm9pZnlldlZQcTFhcVp3ak5PRXhBWkloQUpSY3Q0NHQxeFFhUW9YSWtPQkRNejIyOXZEMWZod0x5N1BIbVoyX2diOHVDbG1ieDRIWTNoa3VGRVdGUjBkMlJvVWtKZ3JIMHRxLXhKYUVSTVdialZhb2lqWmR0YlZYX1dCcGhOaUpYRUtKX3BUalZRcVVtOHV5VmcwblRQclFoaXZENVdj?oc=5,23/07/2026 21:09,Comercial,Movimentação Comercial
5,MAPA,Regulatório,Atualização corrige dados no Zarc do milho no Rio Grande do Sul - Embrapa,https://news.google.com/rss/articles/CBMi0wFBVV95cUxNdFR5dmd4ZXFHZi1KZkpvTC1QUWI3N2NXQUJSMnV3cndSQjJLamI3TkRXTWxjOVlGclNYOXRpQUk2RE1MOV9sZ1V5ZjNhVjVuV0Q2ZE9yYllCLW5iMlJUdWlERjJIMmxMb2JVMzRic2dLZ1B1a1VrSmRXLS13VmpFeTBHTzg2Rkw4cnE3V3lDbHJ6dzRoaExIeEFXRGhTOFRESkpUWE1PSXhZN1pJWGNkcTFfN21mNk9GVmJEWmMxdFVSYXRWTmxSQ0FoMzFQYUpSVzRB?oc=5,23/07/2026 19:45,Comercial,Movimentação Comercial
5,EMBRAPA,Pesquisa/Tecnologia,Atualização corrige dados no Zarc do milho no Rio Grande do Sul - Notícias Agrícolas,https://news.google.com/rss/articles/CBMixgFBVV95cUxPUHNxUUU4bGFpRU5TM21FeG44cUtpMmdSQ0dFcXpDZTViRkdQZnVLRng5allCQzJvdzZJNHYtVlhWNWJ4NzZndFVCNEo3MXZLQ0JUS01wV2VoUnFDOTBGT2VhMEF0OWNIdkdBSXV2RmZEczVEWnU0bmNrczBjNy1oNUhqclU2enY2NTlIVFJIWGJRSWhwdGM1akUydVpwRGs5ZzZSMFZjaWFNQmlHWTZoUEVkX0xaVUNQalAwQWZ5R2FGVW1mcHfSAcsBQVVfeXFMT0dNeUg2dUlWcXhYeDNCWWIzWEhJQ2xzSTZfYkJ4Y2FoY1JSc3hOS0J4WnRSdE5pbFNHS1FkUzRwYXZxWFpWQ1ZGNGpJT2pKbDJLZGhfQ1JIUDY4QmhXeGJ2cF82Q0lPdlRmN2ZMMzlSOHdMdDhrRTJKMXJ2UjJpOV8yS214cEM2clowZnJDZ3VyT3JaVXdfRFJkQTZ3LU5DaU5nQW5KR0ZXbEFhd0tTQkxSUVQ5VEJfOC1Ob01rWWtUSHNGSVdLQlBEMWs?oc=5,23/07/2026 16:05,P&D/Comercial,Movimentação Comercial
5,MAPA,Regulatório,Ministério da Agricultura publica regras do Zoneamento de Risco Climático para o sorgo no Acre - Acre Jornal,https://news.google.com/rss/articles/CBMivgFBVV95cUxNTVMyMXJ3d1ZZcU9ILVo4R0YtNjhiNWVQWGNHYkZIRGRGQWRZVW5ZRXJGWkE5ZkhBVWVhX3V5YkNZV1R1Zmpfc29YaDJLOUh5ZkQ5OE45Sk5tVTZPTG85RUh0S28wcml5dmxRMkJ0elR4Z3hkVUM4ekVBb21IZ0V0VVpmZDVHZ0d0UTNJMkgwNl9JSzZqTm1MOXhMVTRfZE14UlYzNURnamJZSGYtYWJNbnV2ZmUtbldSdzExejdB?oc=5,23/07/2026 15:22,Comercial,Movimentação Comercial
5,MAPA,Regulatório,Mapa aprova zoneamento para cultivo de sorgo granífero no Acre na safra 2026/2027 - Acre Agora,https://news.google.com/rss/articles/CBMitgFBVV95cUxOV1RCOE14TXByVy1WNk1reWNQOUVIcnI2NDJiY29EYXhrWVBpUnFRcnBqcjZSbnV6RkM0VXZsOGczSE5fNFRRWndLaHp2eVhGTVhNaWZGc2w0TC1vMlNaaUczVlE1NUw3Ty1uX1FZdC1jN0RnQ1VZaGxzLWZoamxZVkN0THFxWWxjTDV4bDNFUXlTbHVrTFFjUkFpWk1qdXIwM19talUtdmtFU2trUVRkd1hIUExzd9IBtgFBVV95cUxOV1RCOE14TXByVy1WNk1reWNQOUVIcnI2NDJiY29EYXhrWVBpUnFRcnBqcjZSbnV6RkM0VXZsOGczSE5fNFRRWndLaHp2eVhGTVhNaWZGc2w0TC1vMlNaaUczVlE1NUw3Ty1uX1FZdC1jN0RnQ1VZaGxzLWZoamxZVkN0THFxWWxjTDV4bDNFUXlTbHVrTFFjUkFpWk1qdXIwM19talUtdmtFU2trUVRkd1hIUExzdw?oc=5,23/07/2026 14:43,Comercial,Movimentação Comercial
5,MAPA,Regulatório,Portaria do Mapa estabelece zoneamento climático para sorgo forrageiro no Acre - ac24horas,https://news.google.com/rss/articles/CBMisgFBVV95cUxQX2lzdzdDREZkYVdjb0ZRRG9nZWl0a1RCa3ZjcjcxQXZpQ29oeXRxRFB5Ql92OV9xS1hfcDB6Ul9rU1lPMEpxLTZqWHRZWThHM0QtejU3Qk93OF9WLWQ2c2Y5bWZNMnpTZVprTkZScGlqVGtzUWZhNExqanB0Mk1pV1Y2eHNkSzZkM083TTh4RExmenA3a0FpanJXcHV2cGxWOE1vSW9pYUlVM08xQmhoYnJR0gG3AUFVX3lxTFA4Wm4yc0JLNThQXzJDZ0F0SlNFdW96SVRTNFFkZmI2bERmelNhY3ZmM2J6X3JWRUZpcFhmZHRmQWJfZzlTcHpCdHVkQUpaZE0xZXhmSFRxUkxTSWJ5M05KM3lQWFo4Mk95aF91U19QVWVHN0lTWVViX01QNlBEbVRxQ0xkU3RORW1PbUlzNldfNzY4OXdfbG51Mmo5V3N5eGhfWnZTZDc3U0k5ZExsdko1Y2VlaUFsdw?oc=5,23/07/2026 14:43,Comercial,Movimentação Comercial
5,MAPA,Regulatório,Sorgo no Brasil: a cultura versátil que cresce em regiões onde o milho não prospera - Itamaraju Notícias,https://news.google.com/rss/articles/CBMixAFBVV95cUxNb0VQZFhEa2RpLUh4NHI1UFBKSDhhOXJsOEVjaThjZVRHMGUwX19VMUhoVW05clJCVmxmRldnVGJPQzZ6VWhVSWR5UzllR1ZQbkFxYkxCWjh3VXlza1VJVlJGbmF3M29aUngzenphUGdtR1Flc0NYT2JGdF9UUEZHRmU0ZEVVblRoSVp4NlNmZDNMX3RlXzh6bEVfVXJYUWpRLVZMcHZMWGRaVG00enRIdWdveEozS2hJQ2FaYjJoclQ4RlFU?oc=5,23/07/2026 14:00,Comercial,Movimentação Comercial
5,MAPA,Regulatório,Ministério define regras de risco climático para cultivo de sorgo em MS - Midiamax,https://news.google.com/rss/articles/CBMingFBVV95cUxOM0VPZVdRTzRLTlZYdlU2RE9IZkFZSGtDQnNjeTJPLXU3dmJzVUFYbXdzcFMtWnltTGFXcFIxbEE3M0tPOVAxTXRoX3lsT1ljRXppeUdKajVsdl9fckd5dXBKQmxYeTh6cDNaOUs4NzFWZjBhakRNZlBBZklSRW9SUEVRYXRNalR6N0gtVGV4U2hvVDVwbEh0UHFYVGZydw?oc=5,23/07/2026 12:40,Comercial,Movimentação Comercial
5,MAPA,Regulatório,Ministério da Agricultura define período de plantio do sorgo no Acre para a safra 2026/2027 - Juruá 24 horas,https://news.google.com/rss/articles/CBMiwgFBVV95cUxPWXA1YlUxN2RQb09BNWdjZ2Mzd1pjV0JWNmRicDNKT1NpNHlwbk9sNlZlSVdleGEtd0VNaDJ4NVVXWEROTjh6QWc4alNZbmpTZzZBcGpZTWZnQUFxeTlFZ0pvUmRxU2xKdGtLbEhsa0FZLXo5bHJ1OWVTcHVNbFROZVRUSzBmeGVzWi1lYl9QVWppLVJYMW5SeEN1MXlzS2hqeW9zcEZhZ3p1Skl2eFR6eXUtamJ5enZQdEtBc2ZaeURNd9IByAFBVV95cUxPY2V1eFlkNWM2bDZqTTlCYkw3MFM5N3B3RkVXLVl5a1dLdU1NbXJsMlo0eHlSTWwyUnlTblNXbi1ORk1odGstUF84eHc2MFg1RnhsaGJLdjJ4bUw5N0V0a0Nicm9VN3JZRndtNVhBbmRuYk9Ca1F2cG5uek1lVGM4NVJ6emsyRk5tSHFCbVJSWXRRSlRkTXQ3cUN4c0doaFVkY3ZqQkM4WUpqSkpuMTdvTmpSV2xMU2lpd0NwTjg0QWE2YVVHN2Z2eQ?oc=5,22/07/2026 13:43,Comercial,Movimentação Comercial
5,MAPA,Regulatório,Produtores do Acre já podem consultar períodos ideais para plantar sorgo - ac24horas,https://news.google.com/rss/articles/CBMirwFBVV95cUxORXhZc0ktTF9LWXpIWVc3b0ZsUXNwUEpFUHRDamV0cVRDRHNLS0xGRDdlZHdqc1ItZjVyQjQzOUhTT1BNUEd1ZnNSUmVLOFVXYVVDU1JmdXVLX2w1Ymd6SHNQa18wTkFPUGdLWlpGb0d0cDhMUzBKR29Zd3lGRVhFLXlBN2lJT29XNnQyMHlqUG9CQzR4NUY5QXE2SF9rOE1QM2VVQVNfNVZDSGE2amhR0gGvAUFVX3lxTE5FeFlzSS1MX0tZekhZVzdvRmxRc3BQSkVQdENqZXRxVENEc0tLTEZEN2Vkd2pzUi1mNXJCNDM5SFNPUE1QR3Vmc1JSZUs4VVdhVUNTUmZ1dUtfbDViZ3pIc1BrXzBOQU9QZ0taWkZvR3RwOExTMEpHb1l3eUZFWEUteUE3aUlPb1c2dDIweWpQb0JDNHg1RjlBcTZIX2s4TVAzZVVBU181VkNIYTZqaFE?oc=5,22/07/2026 13:33,Comercial,Movimentação Comercial
5,MAPA,Regulatório,"Acre ganha regras para plantio de sorgo, grão resistente à seca e usado na alimentação animal - NOTíCIAS DA HORA",https://news.google.com/rss/articles/CBMi4AFBVV95cUxNUXR0SFNKME9CTDN0emU1c1JXZ2JnWjFQeWNYV2kwcUxadDMzbGd0YUNnMVM5a1FrYm5EcmhmdlVvMHFSUXl5R01VbDVzbEREeDkwRld0MWZLeXFsVTlRMUg4N1U0S0wyMHpYSXFIU0laVWluVzJlNmJLekFrU1BCNTVuemVpendFTk9VZ2lvX2FBbzdrMmF6RmJISmVMLXdST1Q2OUVmbk4wLTRWOGN6OTVDdjRfNUpzNFBIdEduVm4wTUNDU2JNYWFweTNMQkJURFVKalRFUUV1aUpRdFhNRA?oc=5,22/07/2026 12:17,Comercial,Movimentação Comercial
5,CONAB,Mercado Agrícola,Colheita da safrinha acelera no Brasil e tensão global impulsiona preços do milho na B3 e no mercado físico - Portal do Agronegócio,https://news.google.com/rss/articles/CBMijgJBVV95cUxQVnJOUzM4NHdnSU56cVN0VzRodGoxenhyOGdOak0zZVI3ejRITzRsdHpUU3VfVE1fTmEtX2lOWGlNMVBqS2RfdFg1S3BNdVgzbTdaYlNHVFd1SURmM1FOczZ3a1ZfZDhQTWcwM05LSklmSGhHRzBtLTBmdms4dUh6cXdybTJRNTQ1bjRpR2hObGV1RDVPMGkxb25qNkFhM0o0cEJXNUdoSTRRbUV3cHg0QlhzZTBxUU9DMDRONlpTRWdudEQ5aklTZ01aYU9Jbl9POUk2dENJdk9leEl2MElnQ3FXeC1pMmVGUDFRTUZTeGFTcVVoWEhVc3hYR3Vsc2xuNEZ3a2dIM0lQcHBUN2c?oc=5,21/07/2026 14:50,Comercial,Movimentação Comercial
5,Empresas de Sementes,Empresas de Sementes,"""À moda antiga"", Shull projeta chegar a R$ 150 milhões com sementes de milho e sorgo - AgFeed",https://news.google.com/rss/articles/CBMisAFBVV95cUxPNVNTbmlBdDRKTk1yX3NxaEhUQ216c2xjZU1YOWNhamtDWkVTNzJybS1VWi1QRXlubkpjSnc0dFJjd1gtcEt5emRtTUFjSEVKWWw3NlRzVlRVQ1g4VTAtZ3NUM2tVMkgtcWpEY1VERWQ5Y2dQMkZGSkNjd3lqOVZ3UkJMUFBxck1jaXJwazM2eE9xbmxoV2Frdzd3REszY3VMRFBqYlBxTm5kcms3TVBRbw?oc=5,20/05/2024 07:00,Comercial / P&D,Movimentação Comercial
5,MAPA,Regulatório,"Zarc do milho é atualizado para a safra 2026/27 com novas regras para plantio, solos e risco climático - Portal do Agronegócio",https://news.google.com/rss/articles/CBMihgJBVV95cUxPZktPVnRFVGRTRG85RE1NUGpCdUlUWVBPd0NZWEdtZVlxZTFlbjZZb01INUw0dThfZkg5QjNSdmhNVEFlOVRqWnVvRy10MEFzUmR6MThtS3hzWnkwQmtHUm5KSGhxM0VHTDhINDlMSDMyNkRzeXlxcVRCZTFJSVB0ODBURjdnWVNMTWpYN0ZnTnJZSFJSSTk2UG42SmdLdjR6dW94cnlfeWo1NjE3QmlrSnY0NjY2a3laemtCVnc4QjRhUFB5cndoZVJwSHRHUUdBbng1NjRlUGpPYXFDUDV1UEQ4MnNjejMxQ2RwNjhQZk5VYW9zNUF6MUZKajZJalVHTjQ4bnBn?oc=5,16/07/2026 13:33,Comercial,Movimentação Comercial
5,MAPA,Regulatório,China muda fórmula de ração animal e impulsiona sorgo - CNN Brasil,https://news.google.com/rss/articles/CBMikgFBVV95cUxPbmdUSHpHelpIczctekxpeTNxTUJtOW0wRWY5YzRlbjJmLWUzc0Y0VWhEemxDY18waEZoVlBJaUdfYVNaQkJwRGpjNVo5QjYxNThCbkoxazd3bnhncnNRV09mZ2hpY1NzSE16N0k2UnppRlpxck4tYmdxdlF5Z28zUG1pQ3p1RTVhc0NmcTROQ0hTUQ?oc=5,16/06/2026 07:00,Comercial,Movimentação Comercial
5,CONAB,Mercado Agrícola,Goiás amplia produção de sorgo e mantém liderança nacional na safra 2025/26 - Portal Agro2,https://news.google.com/rss/articles/CBMirgFBVV95cUxPb2xsbWo2VWVpT2x5OTdGVERRdmFOdngtUnVCNG96RG5rOE9UejJiM1VTRHFienFTQ05MYVdjV2tjdXllOWFWVG9xT19lLXZnZ0NXd3hLMGJpQ01vLU93RXBEQ0ZXa2d4Z0ZTSkdmS2MtLTFmNUtJbjZ6Y0QyVzRFOS1ialFWQ3k3QUpQOXd1dEs0czJ0VmZ0X195anVobzFMdDlJb05hZklOQnphdVE?oc=5,16/06/2026 07:00,Comercial,Movimentação Comercial
5,CONAB,Mercado Agrícola,Goiás mantém liderança nacional na produção de sorgo - Agência Goiás de Notícias,https://news.google.com/rss/articles/CBMihgFBVV95cUxOMWlVeVpjQzEyYnVzbmhrWHBpUjhTOGZ0Rk03cmlZQXlaT0dHZ1JFRFVud3ZDVGNOWUtRdXdJb2VWR3RoUHN1czhCcktNbFZkR2N2REVpYlNCVjNzdE5vQUNka1NvQXBCVVBzVEFCdWpoQ3ZVVVhqbmdPNXBjYnJLR2NjTkpKQQ?oc=5,16/06/2026 07:00,Comercial,Movimentação Comercial
5,CONAB,Mercado Agrícola,Colheita da safrinha de milho avança no Brasil e Mato Grosso surpreende com produtividade acima do esperado - Portal do Agronegócio,https://news.google.com/rss/articles/CBMijgJBVV95cUxOVHRXR05mNlhmMktnODRFaWFEUWFXUGJhb2dhY3Z3SGU5cFQzSkZTUW5BTlg0ZXFnVE5RNy1GZnFYa0N2UXoyakxtZ0FNQnJ1VkU1X19lUjVRenhIMGxRWEF2Z3cxN01kUTRsOGwtUUVWMTZwRjAwai03WjljRlVSSlZfdmNNZUxFTTdfQTlYbEhIaVN3NDdoNlhfMmQwRlBzRmVlem52YUNKVGNQRS1kTXE3SThwWndZUzVDSXpHYldoc19zY2dTSXYyd0FSR19URzFqQ19xaWRfZjdMNUZQZnB4dE85eHo3eG5FTGdtM2lfMXc5T3FPVFNaVHZab1JkRTZhTWdoWjN5V0dScnc?oc=5,16/06/2026 07:00,Comercial,Movimentação Comercial
5,Empresas de Sementes,Empresas de Sementes,Agromen Sementes: de volta às raízes com olhar para o futuro - Agrolink,https://news.google.com/rss/articles/CBMirgFBVV95cUxPdTBQWEZ5QUQzbDVLdjl5N0staW5IWjNFZFVRUFIxWnBQdThsVEJrcURxaGlZckJZNnpmYXV2Uk54OWY5TXpfeDFxOTA3WFh1T0MwRGhuRFA1blRIdEJ3NFV1WDdPLTNSeG5BaWQ0djlUYVBXUzJ1Zkg4U2ktaThZdzFKMjF6ZXJ0b1owNkpYdWZ6aG14Wnc2b1I3Rmk4SVhjUmp6VE9IbFlBNFUybVE?oc=5,15/09/2025 07:00,Comercial / P&D,Movimentação Comercial
5,CONAB,Mercado Agrícola,Goiás lidera produção de sorgo pela oitava safra consecutiva e amplia importância da cultura - CompreRural,https://news.google.com/rss/articles/CBMivgFBVV95cUxQd1dGSHBpWFZpNTJGbTlETS1xY1hXVnRqU3hfRDlKT1U1VmV2LWJxc1ZmT1FNZGlsQnpXWThnNTF5SGRCcHdQWVNpdEQzcVpOYld5RkxRUjNRZ2d3R2pSR3dfMlpxVTFNRkFVYkJxUXpBQWVqWGJ0TnlnSmJ3OHM2R3hwdnFOSU9BVmZPOTJDckdiZHZVOTNQUjM1cE9pX3pnVXBvNHNXTlU5X2o3QWRreFF1c1F2V1NXQzRQV2xR?oc=5,14/07/2026 13:41,Comercial,Movimentação Comercial
5,MAPA,Regulatório,Mercosul endurece regras sanitárias para comércio de sorgo - Campo Grande News,https://news.google.com/rss/articles/CBMitwFBVV95cUxNR2tycGp1ZjhoZk9PSFF1amhVX2UxUTg5WG1pWUhoV1d3Q1hsVFZHN1k0R0ZDQXh0TkdZRXdVMFBPcU9uQTF4Mm54Q0dIdl9RT2d1R3Z0VDFWVldoc2JEaUNVd2FfUjNWNzI3UWdYRnh3YjgxbXBPRVlqWmVpRHl6VEhDZzZhWFVGQXV0TG9fajljWlBldk51eEdkZ2pobTU2cTBCY0wtckcwbzF5Vm1kSThGSUUxeWvSAbcBQVVfeXFMTVBzZWhmM3pVS0RlYmF2RWZEWFFFWnhFNVZLQTVzbWFjRDNoZnVJNDhPY2NQLUpveVp5XzRHTjl1aDFVWnA4QkJHRHJOQjhYZnBKVmdoNUQ2dkpLYmJ0WnJseTVLSTBoZ0FjUlBHdWxUc2prNThTYVlSMnNBZmV0R0lPcWJEWFhsQ0xybFI4YmpMZ185Vlh2T1YtbjlNT3pSLW1fUkdiRFdZc09URkN3MkY1Tjc5engw?oc=5,14/07/2026 07:00,Comercial,Movimentação Comercial
5,Empresas de Sementes,Empresas de Sementes,Shull busca expansão no mercado de sementes de milho - Globo Rural,https://news.google.com/rss/articles/CBMisgFBVV95cUxNd3kwcGtYejgta05yZUZQeXpUNjA3TWk4dmZYUk5GUVBvdG44Mzg2Rm83WjNnZTVGVFh1RGUxTExiOGlQQ3RDckxDWVFnM2x2cDExQ2cxZ2VsUFBVRjNidUY2RUJFSjdiYmdlNTdFMnNFeXl6ZnRLWU16c1ZPOFREYjhJS2t0VmQ2eUJGa1lybWlDT085NmY2Wk5iQUY2YmVvNkptem5zNDd1cFV3RG1pOHd30gHAAUFVX3lxTE9MNWVuZnN2anBNRzlKZHdwODVrc0JJdHo2cWxZWnlJSzZkVHlBX2VfZnROVGF1OThOdDk1SVpoYUt5Y1pLaHNqTmg3YWV2WXY3Y2xKekpLc1AwSmU1WWItYThoOFBibklPNVFyTjhUNlVYYlU5VEVLZ3ZZeG0yRzkxYlNQT2lXSTVuNFhXWHpLNnQyQnZ4NXNsM3dNNmlBSkZGRVNVcHhELWR6ZUdXZm5IdXNBa3hQc1Z5X1hTN25hOQ?oc=5,11/11/2024 08:00,Comercial / P&D,Movimentação Comercial
5,USDA,Mercado Global,Milho sobe em Chicago e mercado brasileiro monitora impacto da safrinha e do dólar - Portal do Agronegócio,https://news.google.com/rss/articles/CBMi7AFBVV95cUxPYnlicU45ZTUtYVk3NmhaUjREMW03UDMtb1VMVGR4Z0NnaVFtNXc4SngyLVNvNE5yNWotYnlXakNrdk8tbUJMaFZIOU5FZ0J4eHlTTHNCa0RQRUJwdEljcnNYRFc0QlpOUVdyajBiLURMQTNmOVFEbjlGQ3M4TFozNnk4NXlIbUhCUGQ3RkZtRklHMzFrd284Mkc4RWoyc2g4Ym9zNTZFMTdiZkp2UGxiemVzcTQwVXhCMlR3THdtRFNJb2FkeDBXSzJ0dmg4MkEtdjN4WVNEbVJFUGxtOUdDZG5VcGlhcnVYZU90eA?oc=5,10/06/2026 07:00,Comercial,Movimentação Comercial
5,EMBRAPA,Pesquisa/Tecnologia,Cigarrinhas-do-milho respondem de forma diferente ao tratamento de sementes - Revista Cultivar,https://news.google.com/rss/articles/CBMitAFBVV95cUxQRERocllwU2QtTmRMd3VfQWxOMkl4WGZfODFadVc3NlpRQzRYdTdXZ0Zzb251SThIeFJyOUVHX0hDaUVJRjZNcWxSTjgtN1F1MW93Q1RMN0E4cGFvSzVkenphc2pweHhxT3JCVjllcEl0M2ZRa1RvYU03d1N2M2VtR0MwOEY2VHBZOWJXUEx4YTZBREJ6V1F6QThZd1YxNThzU0RNa29QV2NJRkpyZ3E4djI1a0s?oc=5,08/07/2026 17:14,P&D/Comercial,Movimentação Comercial
5,EMBRAPA,Pesquisa/Tecnologia,Embrapa Milho e Sorgo leva cultivares à Tecnofam 2026 - Embrapa,https://news.google.com/rss/articles/CBMitAFBVV95cUxNSHpkTWZpOFVsS2dESzNHQnNnQXBpWDRXUi1wUzhxYUNnRjNyU2ctcGYtV096MDhZWEE3ZWRwUnNzbkRBdUFSbXhzTmFqem83V0Y5a0x0Z1RuUDJic213aVZwQzRPa1FmYlVnU3VfdHhZelNVT1BEMHI0SERwYU1vWUhzQV9CZnl3YWJ0VU4xWDdQdGJXaGs4UDNHT0VTRTFKc25kZHhGVWZ3Ym95a0R3cldOZmI?oc=5,08/06/2026 07:00,P&D/Comercial,Movimentação Comercial
5,CONAB,Mercado Agrícola,"Sorgo ganha espaço no agronegócio com resistência à seca e produção prevista de 7,56 milhões de toneladas - LEIAGORA",https://news.google.com/rss/articles/CBMiyAFBVV95cUxPSWZhaG8wVHFiZV9rd0Y5Q1Z4ajJPdzJvSTFiUXpsU3hac1M0T3dUdlVoUmJ5bXR3cjRYM3ItcEhIU0VINUF2ZXVRYnpaeGFqd3ZORmhCT3U5TlJDU2pVaWlpZE1SUGxiT3BWZWRheVlsaXE4MThKUWdrTDFtMm1ORHl5eUNwbkpaa2djNldlckx4Yk9faWhXTXVTaXpPeGJvMVhVS0RyMTk0R2NfZUpmOVdLdTRzMEpScXRuT1ppblhYRnhJNEp3Rw?oc=5,06/07/2026 13:35,Comercial,Movimentação Comercial
5,EMBRAPA,Pesquisa/Tecnologia,Embrapa Milho e Sorgo leva cultivares à Tecnofam 2026 - Agrolink,https://news.google.com/rss/articles/CBMipAFBVV95cUxQdWUxSHh6a3BJTTlNa2tjUWdlaUdmempHbFY2X2IzdHJZR2dVSDAxOWh6UXNhLWJVQWE4Zlo3dDBSeFNiSHhpWjlXQzgwOVAyYzJlZi02SnJnbXVBbmU0Z3JKd0xadmJmTjJXWnhwcmpHWVFOVGZ4MjhDN0VyN0ZhMF9mWmp0RzZ4ajJrdURjQ3VSMmpJQ0d4ampfRzE2U1JXU05rXw?oc=5,02/06/2026 07:00,P&D/Comercial,Movimentação Comercial
4,Notícias Agrícolas,Notícias,"Com safrinha sob risco, produtor encontrou no sorgo uma solução para rentabilidade e manejo de plantas daninhas - Notícias Agrícolas",https://news.google.com/rss/articles/CBMihAJBVV95cUxPSXJfMGM1ZXJBLXliRFhBbnZuUjd5RTdFUkV2NzRIa3BpX3FmbWtOSzR5Y2VzV0NqbUhBZDlXczBOb3BBU3gyZ3FNQURFUkZzRFFNRmxoTzZ1Ykw3dDZzRktKSFNTSHRQYlRNTmc4aUh6ckk5cm9hUjZpQmFGWkdXcFNZNl9lZFhKSHg3WWNJZFE5SHBwaVhVVE1Za3RWeG5BSWJSRGUtUFQ3RTJDVFJnaUVGQ0o3TDh0UmtiZlVaaTczWUxJdkNRdVFuMUFYajNFYjZkWFRlS0J6UzBKSkp3Q24yVGppNTdua0pBdFd1YU9HdmtGSFZ3OFhNWnV6OUlENmoxUtIBigJBVV95cUxQMEpfYnpSdzV2NGlBdThSQ1NvSl9xSXRUM3VKNW5TbVRBNzgzZDNFdEc4UEszd0ZYbkg0dkdTdml5SUszU0dFUkpxbGNUdmZIb09OdWVVQTg0bXZoUGRzYUVVRHFfZklZaFB5aXBFTkdoa202SFVQMk1EcWxhTC05Um5tNEZBWUgwSFI1VU5PYkVEa1Z1eFdVcHRTWGtOenNEd0hBTlNLSDhzVGgxeFBDZFdYLTZOTktOY2swZUdrc2U1VEwyTHZxXzNxZG4wT1U4ZzNWTHdMYlc3T2p6dm82WG13elFIUTdtcVJFbXFtRUZUMnhFWGpDNERTZ3lXdzVSalNCaHpCXzhndw?oc=5,22/07/2026 11:45,Comercial,Movimentação Comercial
4,ABRASEM,Mercado Sementes,Novamente sementes falsificadas - Independente,https://news.google.com/rss/articles/CBMiekFVX3lxTE1fMGZ3a04wb3M0R0lmNzJGc2UwX3BuYTF0X1I0eHNDTVhXUE5iNHpJUEZlT3pqYmpQaXpYVkU3TzJLZWVUZ2RfU0JxUExXR3UtQ1pVNTJKMmh4UHZVREc1SGpqMEZUZXhNSVZ2a3B3MW9HVXVObE4zX0pn?oc=5,21/07/2026 17:27,Comercial,Movimentação Comercial
4,ABRASEM,Mercado Sementes,Polato Sementes Capta R$ 137 Milhões em Operação Inédita Ligada ao Dólar - Forbes Brasil,https://news.google.com/rss/articles/CBMitAFBVV95cUxOc1QxaUE0Rzkyb2s5Tk1tS0tMWjNtX244clVrZ3l6UHFPRnFIZWtQRTIxNkx5bEZfc0pFQm5nb3RjVzBTZ2NvUWUtRXJ4RExZcWM5NkFPNzdsUzhNaHpNVTA5Wmw0ZXJNVU4xWTBvcEYzWnN4el9rWV9iWUI4bUJzZlptVFFVaV8yTDNCUEFKRU1yemlLbDJsQllXOW50d2VXMi1scW9GSVlDSWlHSXktZVRYeUU?oc=5,06/06/2026 07:00,Comercial,Movimentação Comercial
4,ABRASEM,Mercado Sementes,Pesquisa agrícola impulsiona liderança de São Paulo nas exportações de sementes - Agrolink,https://news.google.com/rss/articles/CBMixwFBVV95cUxNY29vdVBTdnBIMnNlRGZWaGdIelZzSjlKaVQ4STl2NTZKSXJqSVJWWXpwTTFiU2J0U0EwT1ZPV245b3BPRlgyVjRGLW5FVFhRUVY4aWJoTjhfNkVlN2lyUnR2eldLZVRCWXpKRnQzN09rZ3VQOGFLcGc4QTk0QjFpRlZlVjlJVllUVHRVcE5ZUGdRemtHc0M2SHFSTXV6WFRoTXNheEVfc0NNaENMcnJRZzE3NURQRjFNUUh5UXJrdUJFQXdENVRn?oc=5,01/06/2026 07:00,Comercial,Movimentação Comercial
3,Agroconsult,Mercado Agrícola,"Agroconsult eleva estimativa da produção de milho safrinha, mas destaca cenários distintos entre os estados brasileiros - Notícias Agrícolas",https://news.google.com/rss/articles/CBMinwJBVV95cUxNdnhOQWZVMEV1MlR4bi1TaGRFZnFIdndhQnpqVDh1VlBPaVlsb1FCRVhiWFJONUozUzRWN211UVlzX0ItRXVMWmtKbHBjaHpnS2U0OWw5SXJ1TUQwT2l6U3dFOWIxVGZNY2wwYzlUZG5qd0R2aWNyNE5PT01CQ1BlRUtFVUdMTXNOUTk4eC1MNWtOWGJsSExNOXBkODF1c2xkQlJUUVRLZEYzMEloMDFiQkljcVFERVJ1WkpMbnhhTUk2eUJUNElsLWJyN19KUlZaMUpzNTlKMjZCVUJCZ09mQ0dDV1Iwa3R4aklNeFVjRkw2RVN2UDBGd3hwc2hKRHduN2p0cXo0OFpmMEdOZDFEaGc4LWQwVDlGX01BMkdjRdIBpAJBVV95cUxQNEN6SzBfZU82MlFsYWpBQ0l6bUlTU1FJSUtOQ3Y5SXI1bVZOTEpIQWx5ZWU4SFhhRU5sOUhrSGd2dHpKTFVKRDMwdmdkZjUwejZ2Yko5WDVpT2kxX0p5T0pHelFkNXo5VTN4SDFNLWVIMFAtR2h0a1M3Z0pNODBsaEQxcmtTR3J0WnlkaVg0ak5ySGo1TkZORm1oSE1MVW1VUjhFdnZUUjVCMmN2VjdYY1FWTWZZc0N5Z1VmSm5UN2hOcGg1LW9DamFHMk04MjJiZnRWdXhoeDdCT3V2T3M0ZzVrTDNGUlY3aTcybTJpRFBQWGphZjNBQkg1S0wwcjV2SGsxS1dySzdfc0RBMmotNERSWVBwT3VkeUh6UGJlaGJoazlr?oc=5,26/06/2026 07:00,Comercial,Movimentação Comercial
3,Agroconsult,Mercado Agrícola,"Agroconsult confirma ""safrinha de contrastes"" e Brasil produz 10 milhões de toneladas a menos de milho - AgFeed",https://news.google.com/rss/articles/CBMizgFBVV95cUxQWVN0Z1RTaVF0YmRSNVYwbktsUlpoTXhEckRsTGM3UmFHb2stRUpDbldWODBTU0xVMUFVallzeGhUckFhZmhCamI1UldoSGdwOFBHX2hTQnBRY2VpNWFOUjlIZ1QzLXo5VlFaN0llblBNUmlrLXktbzhwLTBySXFNRDJ4LUdIbzZUUl9kVUt4TkctMDlPV2xJLVdfZ01FWTJmMG1pSzZHZFUtZ2VsVmpBd3h0OHJJc29XTWlDNHJzbnRHRllZMTdPN19mQU5fdw?oc=5,25/06/2026 07:00,Comercial,Movimentação Comercial
3,Agrolink,Notícias Técnicas,Sorgo reduz riscos na segunda safra - Agrolink,https://news.google.com/rss/articles/CBMijAFBVV95cUxOVmNsckFfWEgzdDVuV2FCbmpXQUp5bzA1cUNTOWU2RFdJdWp4YnhORTNIaE1ZOVF1U256SFJVYkdMblAxMEdrT1VrbkdKYjd2UVZPYWwxVXB5U2I5R3pXU1ZVQ05OUUpjWmtRM19Sc3RYRXFoYlkyeEtjTmxLWW9JWnlMMmstRnNFaDJEag?oc=5,23/07/2026 05:15,P&D/Comercial,Movimentação Comercial
3,Agrolink,Notícias Técnicas,Microalgas avançam no tratamento sustentável de sementes - Agrolink,https://news.google.com/rss/articles/CBMiqAFBVV95cUxQVEI0eXMxWnFMd2kxNmNoeU1nU29WRGdGWDdaQnpNMWRxVVFhQTB5ZWlibXowall3Z05Pa09rbVk2UFdwVlVsc3NDX1RWYzNaWEltall6NENxTU9vanlSeUpQS3czZFpjMXlJMl8wUU5feTFGenpISmx0NGdhSTBwSmJfVUdBbHQxdEs2U2x2T2tFVDF0eFp6Q05qWUcwUEQxY3llWVpweEU?oc=5,22/07/2026 13:39,P&D/Comercial,Movimentação Comercial
3,Canal Rural,Notícias,Clima extremo acelera busca por sementes mais resistentes e novas tecnologias para o agro - Canal Rural Mato Grosso,https://news.google.com/rss/articles/CBMi1gFBVV95cUxQcTZrcVptdmcyWjlkSlpxMXMxMEZ5ZjZSQ2RPR1pTc0V6cVk2cmlzQzFDTURZcExoMmhnSnlTcFNsakVfWDhGVGp2WHUwNUhTMFVjRDN5WEJSV2t4RGhjM0lZVzVoTXRYX18yclpYdElib1Blam8zSzQtNHBnLWVOS2dVNXBsMGkxYldTRjJZbGphSDNOSlJPR1FnanN5eUpmbnh3UUVBcWlSS3BOWWRsV0RiX3h4bHNlYzliRmdHaGZYMlh3alpySElraTRhOF9HRkROTXZ30gHbAUFVX3lxTE5Ea0dqYzNqbDlKdUhVemI4Rm9OMW81eGFWS00wbGQ1Tm44Uk9hT1lxWXB2cTVUbTJmS3lWMXNGZVdrZnJzWm5PdTY4dFNUbVQ5MW5VRlVKbGZfOGhKWGlreU9EYXZHQkFIWFNNX2t1VEkzdF9Wd2JmZUtTdGpiMHFvVUEwWldPUXVJenBQeTlRT2tJeUc2WUFmTmRSalV0czJQb0tfTV93RHBsMGpIMXBpbllMb0dfNFhWajQ5MU1EX3dZbDByQl8yMjZ4TU5RYTlfR3d1TUJXaDdPOA?oc=5,22/06/2026 07:00,Comercial,Movimentação Comercial
3,Agrolink,Notícias Técnicas,Laborsan Agro explica a importância do monitoramento no tratamento de sementes - Agrolink,https://news.google.com/rss/articles/CBMizwFBVV95cUxNNDhRSzhBYlB6ZlB4LUtoWWN4Y3hpUkY5UGtPYTJqeUNFYU5mcHAwRGptcGhnMzQ1UFZMMU1JU0ZMX1ZBZkp3djF0d3lyNDdNVS1lOEpxV3QyeFJ4bktzeUtNSHFwYVZWV25sZm1JT2JHQ1Q2WkFMaGdrYXBUenU3c3NRSExIdi1xRTE2OTY1NTlucDJDUlhwRy1Jc0RDWUN1MHpVSzlvWFBTYUtwY3UxVDV4N19nd2puMTRwaEZpal9NYlRwUGlpcVZQZ092cUk?oc=5,21/07/2026 12:25,P&D/Comercial,Movimentação Comercial
3,Canal Rural,Notícias,Cacho do sorgo faz mal para o boi? Especialista responde - Giro do Boi - Canal Rural,https://news.google.com/rss/articles/CBMiowFBVV95cUxQRm51cGg5dFBjeDd2aDFCNmZlRTJaS0JUX2c1Y1FBaC1wTXJhREdGTTB1Y1QxSWFfUnp3eWhEQ1pFNW9TYkxoOVRCcW10NHNZY0RPaEdnSDhYTmItOEoyN2ktTzlTaW0tSmNtbk5HVlEtS0xPdWloT1AwYkMyZC1ZTDFXbm5wbk9nczk3R0tsbjluVFpCMjZGVExHQm5WUXRmZ1dv?oc=5,20/07/2026 12:30,Comercial,Movimentação Comercial
2,Globo Rural,Mercado Geral,Seca derruba previsão de safra de sorgo no Brasil - Globo Rural,https://news.google.com/rss/articles/CBMisgFBVV95cUxQY1NLU05fd0lqRWRrdU5RdjItNVU4VTNOZDdGc0pKc0tMTEJCMDdqM0Z1WnVYQU5kNU13OE1rU0lXcFFzX3FOamNzRS1pYzR2TmpuaXItU1N2aGV1dUMxaXdBTFRNTnNodFNVZHhOSEdHYTFwU1ZvUmMzZXRzTlJpMlp2ZzhyaVlfUVZiNGF4Q3QwcFpwNGlHdnVXRVhtZEVxYlZrbzBKTTJzZmRFbURCTFN30gHAAUFVX3lxTE9qRUlfTXFiQlkxOXJhbnVGX05kRUJ3QTEyUl84M3dSTWtzUXdBMk80cFotVm5Ya0FqQWkxVWZCWWFwMzdXRUtNR0t1eVVzcVBWNEo2OVVnbUVJdVlGZHFiemttM0FZbF9kUDJ0WmYzNUFqQ0tZY3VOalBXVHBUVkM4Z1o1bHZhQmdhX2kyNHE0eGJvLXBIcHc0OElDNHdIWGRzYUtXSFRSVnpXR1hjWlp0bnBZQW1JR0FkYWNnVjlfeA?oc=5,19/06/2026 07:00,Comercial,Movimentação Comercial
